"V1","V2","V3","V4","V5","V6","V7","V8","V9","V10","V11","V12"
96.5672089156272,91.6197328393254,107.408260590701,90.6911013797428,100.307701421908,108.11320908166,110.94990258651,110.257139558526,94.6009074067439,96.5192046977204,87.7764889357821,100.318741860576
102.647464732913,111.733348884985,94.6188461119598,113.684951033536,96.3237576179373,86.7956210728801,91.5240463091998,91.6024084437572,100.441502687824,109.635359130203,106.594900340182,99.2367232374302
97.3595977194661,100.76752425176,102.017653154437,122.111279198523,112.858603165288,102.726302522181,89.170965403854,100.581894659983,93.9735443344676,101.11650448004,106.914196491757,97.2784573511384
98.7079846819482,106.713134549312,103.331396824512,109.065915246982,94.0084664411819,90.1611733666232,103.695918648889,102.821807951713,91.0601570369451,111.594392083315,90.482710119777,99.1079923308221
102.779428436984,102.224763066197,93.1492489212834,104.69004783584,105.094018019866,100.261545747392,88.5368946310463,91.2092545577499,108.032665296495,96.0221179759329,115.106392012983,99.8811526090827
99.7076917892628,89.8550231930338,101.157150271482,82.0441124666046,101.482959190417,111.498334171479,106.195050464866,103.545139680197,105.328531179693,88.8151614512963,98.5538368394643,101.565365130105
96.2000550185901,96.2770871485273,105.858406381329,109.811161214115,107.998794153304,105.56290842337,99.5822239486228,106.517297239682,92.1980640538938,99.7476467939043,96.6311669515184,98.3371564520022
98.3219971872029,99.461777249742,102.580789273904,106.071346440256,103.12875607822,101.108937839451,99.4563464703117,102.65384782056,95.8329034376679,101.241933480942,98.2888472379647,99.1156813504007
93.7723916580625,83.8135936154881,108.440490345955,106.214655153334,121.888636325456,123.171668569083,96.9372307714542,110.770164170263,94.7455812560102,85.5595534082739,102.460997776558,97.9784111926853
100.959878161882,110.667150205632,99.8413477402538,106.041996558569,88.666249700011,84.746869348775,103.336359855383,98.5917357081527,94.5492967816003,113.871335552512,92.1672721494847,99.8516384064633
101.153478629934,92.8309468865575,99.8069078725251,76.3925920680983,94.1518216648876,106.194856158269,109.969824620631,102.174634686405,106.587631577544,92.0473278208334,95.1868889458245,102.471135856942
102.328080001385,103.377088684315,95.535228008563,99.9948196920077,98.3426647757433,96.5161685095763,95.8615110200328,94.3887563754867,104.741536600347,100.293768750831,106.087567197201,100.3952161426
106.052243956504,111.69811685648,93.3852441919738,79.9090320509243,73.6390293769057,80.125893143906,111.557847877376,92.8643253827677,106.519577841831,111.263587025889,90.7795370568949,103.366736640252
97.6496081774361,107.221693679344,102.302970238598,127.287642614993,106.783147407904,93.670634288492,90.7615015960802,100.065804343616,89.9435492825523,109.748307288865,102.178818212372,96.9871023754184
101.593804724047,93.1685350039599,98.6054293416488,77.6847453296611,95.4513649274257,106.422913153849,107.618673747845,100.598311209436,107.960443776506,91.2381627450145,98.1507062646101,102.390837476763
107.205393321173,105.003391915085,86.9427048971177,87.8173351597322,93.7968351555633,94.7986741708139,92.354839556544,84.9107641349827,117.662970609635,95.2509648756293,116.374978141284,102.36147488031
99.4796636225927,88.4572561463796,98.3411032949738,96.4192308651471,115.692366997233,117.864514126572,91.8073776503408,99.0767908194677,108.099522015794,82.9723610303996,114.088231337304,99.8913930657058
95.70761957627,79.0273291795476,108.082186241556,77.9646564720131,109.408983924857,124.730908115322,111.340794673964,112.961059132787,101.065552937226,81.0887691976147,92.8915507390608,101.145197405608
96.2209365004471,94.8920849185893,104.990960638855,111.699569716545,112.000599043371,108.46731412973,96.1246988092038,105.412332317649,93.8152094925162,96.8626932558888,101.05069542145,98.0765254992307
105.408792817911,97.8669394259305,92.051259849069,72.6315327331565,89.8661632348255,100.634268563888,104.626964046235,92.7890633659029,115.685763896641,91.7445932198829,104.596453833781,103.565538199611
92.9972633263191,97.3243827472213,111.14041540376,122.850998580942,111.673000640217,104.61826761951,99.5786519962409,111.752726867581,82.6035726448903,105.165848142066,91.1502984207913,96.5685914765837
102.495464058785,106.747962707999,98.7723153184533,87.3032614526828,82.0991536439842,87.2704729791981,111.156672254982,99.0934958706508,100.255130674406,109.088991237079,88.4335606183469,101.951979445428
101.293021891532,105.188800399905,98.1303428149852,102.111050385942,95.2365035913483,93.116124501522,99.5454340802112,97.2216153374339,99.980847021962,105.087735048313,99.6416334867321,100.113306104941
99.5828483982927,98.6369882129884,103.213217779769,86.9447555062951,90.4790263251756,98.0559157515419,112.17732278104,105.027599165621,97.7687278056547,102.351676444343,87.2997488377768,101.347629548412
104.560780913829,110.506505882112,93.6548579719966,94.173262804383,85.1793630446648,84.9208571229091,101.884993784814,92.1104806773595,104.861255118244,108.689149167067,99.3065937437254,101.569790790952
97.9791531572935,108.379341332716,103.101764469662,121.290097784732,100.289101180518,90.2697062626943,96.6186594874812,101.437625845323,89.0535768172364,112.605938845752,95.8981477409577,97.7343199894543
100.48886039529,92.7685104439822,98.2070839016707,91.9438541989187,106.31972825727,110.249946612885,97.5302150878477,98.9858585729403,106.880480960914,89.0982865635554,107.277537097844,100.668916837002
100.106294014286,110.318932467958,100.648200151093,111.50741606674,92.406937417102,86.1357288091955,100.731801902309,99.1435929999816,92.8725697861057,113.711595222293,93.7845144907955,99.135333446213
106.405013194762,109.496658969477,87.8287058276038,99.7509217269157,94.8904240631966,90.0004257682584,89.0738287125379,84.7026804739987,112.822398022518,101.216626717691,116.153159880481,101.121314079854
106.587703294053,98.4947488602089,89.4016009741108,72.871461822241,91.0762085206178,100.76140452273,101.048879184475,89.5328964570753,119.100921718808,90.0225978045034,109.825783835265,103.696891352267
95.5647266243563,82.5606703510442,105.395051615636,98.3281044595811,120.466629612677,124.648176473051,96.722554886493,107.825681068689,100.622804661237,81.582262831212,106.118444416771,99.0076654179659
93.7385059228896,76.9097278907715,110.848246465355,84.0861802260539,114.757396296107,128.235725591464,109.927649976852,115.941601554272,97.3565565232624,80.3528607850906,92.5061918045733,100.161189675117
104.003794665784,114.61628622788,91.2528351389645,118.86323679479,98.2077384606008,84.7515769668518,85.2867239399623,86.9277482722714,103.198048479804,109.876160680704,113.66606535897,98.9278557665058
99.0991388852819,105.890196667857,100.054729883511,119.360316935594,104.856898928842,94.9438645270466,91.6803600073531,98.0909420666781,94.738554167587,106.436782339433,104.161289484767,97.978969478782
94.942189598803,102.275134263372,111.312849972933,106.91693960402,93.1090680311394,93.4385819992839,113.611642763631,112.919464775217,82.1255277975098,113.431626699124,76.6922838213758,98.7475836872347
104.789345529314,108.775728199453,90.7306902310022,103.22947857859,96.2340036216103,90.7122764538179,90.5482026309914,87.9669697688413,108.618441887458,102.739621026437,112.515611809036,100.524502191534
106.746264458794,99.0528566821581,86.7234941109057,85.070256884943,100.783938294869,103.562917971018,89.6416856409817,85.2747309601692,121.05746248235,87.163128618647,121.75714602968,102.38376563865
107.415986350185,100.937262028254,84.667724002171,90.2782921960666,103.185057183437,102.558929791957,84.5953389838348,82.2449720734554,122.422373414299,87.3051210840186,127.065406636055,101.95511163093
98.9407786220915,103.744736249842,104.885702370601,94.1037567339701,86.7426050648053,90.9684849581905,113.563373935511,106.114007795809,92.1485434227138,110.319055583493,82.0807757470646,100.678641228566
98.1974523664601,106.920553704154,106.947719692241,97.5430820934165,82.9528427070261,85.9393105809853,116.570130680641,108.103868688797,87.3430952382883,116.345242486197,76.0528877723753,100.33587959594
105.470560866762,120.336033787702,91.9427600984837,107.157602543393,81.090419609666,73.0722365815882,97.8769346663968,88.3221247438436,101.096128196458,119.330474115774,99.572866799472,100.613511822838
98.4082252716075,101.633767970842,100.402243686548,119.148618706248,110.708514655144,101.387000187284,89.3402900303437,98.8166316440892,96.2314592674489,100.989443106266,107.874639124918,97.7593946858721
95.7722833665664,92.6958568070406,107.490591638521,101.239714816137,106.051185483207,108.658465165567,104.99809768637,109.425399174221,92.6402403501866,97.1698758344978,92.2281651829125,99.1005410533746
104.479802440487,95.444167755573,91.6992913962478,81.480520260913,99.8854631953529,106.436254021509,96.6891750192258,91.8100564764336,116.162265356919,87.3520538486716,112.832063398353,102.385207511023
99.1444660083394,103.898092040512,104.44195340569,94.1453701863566,86.8753801457874,90.9150238628603,112.997008432077,105.565286296103,92.6981604605154,110.09624950038,82.9053848167424,100.703054294744
97.047213176354,105.49683436199,103.351120724645,126.501714440136,107.991288975722,95.7713970454473,91.5890715135004,101.510520649517,89.3594025314932,108.475943674224,101.321998872191,96.9392055894456
98.9452806475186,93.8212961407585,99.752451901239,104.001581648811,112.069266345238,110.572322953959,92.7184233966622,99.7965589442638,102.675432264391,91.001058449436,109.39454153891,99.1975873478617
106.558668525171,119.821679940218,90.2997673609251,101.736398851276,79.2688870068874,73.3680655641059,98.629228696153,86.8174557325997,104.34191721923,117.503975505365,100.731557829881,101.318124632297
94.4441366281667,103.521529375977,108.395456539426,129.032522069006,108.926539370883,97.3820215157611,95.920763433619,107.519642858562,82.8337350231428,110.43751537079,93.8472929844138,96.2869929772732
99.2918200847859,112.613681102386,101.060318341107,122.543017798928,96.4553042887705,84.7567368751859,95.7998909672529,98.5868770907989,89.824895533143,116.299965111953,96.4716264063093,97.9080741415318
103.984044672164,100.914802655882,94.4106982932663,82.373220754573,90.4571326469822,97.0323309549377,103.899265872202,94.6336623530748,109.713231508368,97.3485179869102,101.51805589789,102.441709242401
106.91215297808,104.492885796206,85.2126906827371,98.9766697379693,103.644598849936,98.6649083793578,82.2534235817442,81.9526678033806,118.907332703821,91.9384159206868,126.82120626317,101.071035538862
93.2171854263385,86.6467077702715,111.260349151856,103.193233638139,113.516580947507,116.994678254671,104.989452872485,114.222215796753,89.8564932261596,92.3984683331028,91.6042412606594,98.3601357870082
98.984983475307,93.817887010082,103.979443299796,82.7139498910636,94.0329817740277,104.350056166962,112.654090989127,106.623109674862,99.4444779542312,96.8827564898462,88.5006661431902,101.562503271633
96.1569934618778,92.3330055939818,106.570305710983,100.714902772131,106.899627524095,109.477079691103,103.741682675625,108.383433214632,94.1711346295293,95.8317449152532,94.3365855386139,99.1883133445434
100.030960413704,92.3677740379259,98.2049583274948,96.6874173831274,110.232094094423,111.887946610888,94.176568839917,98.6248314363327,106.460415814468,88.1474902866417,110.318038170519,100.075487052958
97.0142407525601,89.3251875224945,102.222681920694,107.460364331778,119.269255933697,117.328850081741,90.92979638938,102.798845186494,100.81697568213,86.9641981893799,110.755275490903,98.4211226487218
105.496509624962,107.281343106619,91.2116964189821,90.2859607176585,89.0106357988515,90.082668514867,98.5778744141885,89.7009655578312,110.283882139426,102.265891950925,105.972331941607,101.982131651437
104.832319863,106.475309043522,88.9480506949777,107.952776175119,104.245436615337,96.0111886101352,83.2802277299855,85.5905678000067,111.583139777504,97.483248381691,121.472263396724,99.9165966709064
97.1772533139748,99.3344304309627,104.868719630829,107.986823285498,102.960526869748,100.806882855067,101.463090687573,105.264663163546,92.4217261978878,103.113911630747,94.4917169167645,98.7685586606089
99.7091552588398,90.2682359420966,97.6448069597476,99.963971119915,116.028522156672,116.079130559009,89.7678701881969,97.8260143025537,107.795084586962,84.4675099566216,115.599952822439,99.5944248746545
92.6999467441981,102.129059420713,111.130213905021,133.799441185094,112.283564274827,99.4810238173247,95.8468762388254,110.52327155984,79.0090861847722,110.774584995954,92.0051015027151,95.5067583582173
102.295489127072,92.126756902255,97.7883934276519,71.8975211191345,93.5363830236393,107.133332320151,109.442260589779,100.154908346035,110.331336167405,89.5210932485602,97.8769021989104,103.071814874656
98.5970482277934,86.9481742356221,104.114322841519,75.9707135493706,99.3105303993209,113.550912333335,112.398812758653,107.801390779821,103.273744405571,88.2231776165025,91.9080026633185,102.000421458245
106.082537838821,102.216750093678,90.4842260350385,79.1944408984233,89.2290622919805,95.8872253671447,101.14459563288,90.0705346453335,115.055739891093,95.603149068118,106.926623273354,103.082503822562
97.4013634310942,88.6859522050371,103.691671319171,94.7129702942683,110.193329117775,115.017087100857,100.872371899785,105.649648966454,100.672000400024,88.5927411146042,101.245098256037,99.8538104611179
100.262240631557,100.09797871062,101.158508600531,91.3804071040375,92.9609816136798,97.5456938270469,107.335539418825,102.090733849864,99.4255380198752,101.983222676986,92.6379728177903,100.989332786119
94.2330211146473,94.8908633402258,111.83555946285,101.223406966436,99.5905248991236,103.510577495416,112.881797023993,114.514892604937,85.5102530943872,104.356004815121,80.3852079912819,99.0127687161413
96.5191399792382,102.625305115837,106.952808830948,110.499174144155,98.3361393427718,95.3918019946604,105.182534941924,107.34868025966,87.6509617465675,109.396876697705,87.7828720586606,98.5427014114683
103.017988982296,99.5962441311475,96.4755893443642,81.4581703150166,90.2235099941838,98.0688070385764,106.577498969513,97.2868325129295,107.525992680443,97.6220914328593,97.9368187714133,102.382621119583
96.5246611287847,93.1765567347661,108.527077422711,88.0833562382651,95.3631640564142,104.687727313482,115.359838994983,111.711920114153,92.6426189205616,99.9419753201049,82.2291185918516,100.663331279418
95.5134471507964,95.2785534778415,107.168646458428,109.840910503333,108.515931481527,106.602966095587,100.773197488892,108.162197368884,90.806429379632,99.648839945155,94.8682608562093,98.2173695560813
97.6625054572764,100.85461505368,103.748731045833,110.17956125193,103.091674932166,99.3538324201897,99.4769435613185,103.632883311388,93.0210820800497,103.9186046603,96.497931323583,98.6392557324817
102.312748997893,97.7444460631637,93.0073877799501,103.921676853089,111.247900253097,107.128853318065,85.6866583536316,91.4055384012797,110.389390959528,89.8446109544925,119.821872996672,99.7400667292686
97.4030838205206,100.636781452418,104.963581340178,106.892064317666,100.208933144714,98.5077946650256,103.222752980726,105.379430752631,91.8298088080751,105.073235149991,92.2805606874624,98.9659564874286
98.7309252912887,110.290864000246,102.001301463625,120.876011753855,98.0050349164136,87.6428009169822,96.6222211646722,100.014735214841,89.7792906592454,114.184055288753,96.0090528112905,97.939444461682
101.150169173336,103.59066303485,98.4690493023899,99.6435930401434,95.6069916992202,94.9424195557671,100.51568812355,97.9392645105132,100.553575435766,103.446099258218,99.2711947051712,100.308877505546
94.9185423566462,88.8035101994979,109.170417775342,96.9319943167096,107.511278666401,113.130216551953,107.506211925494,112.065385061354,92.6124576151349,93.8522018776019,90.3972270799736,99.3307951203082
99.1837125686631,90.0797556085454,98.9822115308315,99.2276496510052,114.798183146946,115.683640962396,92.0620198290892,99.5108422260889,106.09105302284,85.563886449087,112.484370496396,99.6092046473343
101.849739430195,88.3258521571879,98.2328921574134,69.0462984101744,96.7980777097529,112.264911422418,109.270980716431,101.181151545348,111.816126238022,85.0121819633901,99.439020862704,103.190356769987
104.205430946413,107.69123285591,93.1086090977398,96.667680768929,91.4700273874271,90.0537084982474,97.5009756461167,91.4407148447412,106.605280405682,104.113563039007,104.900151554323,101.143957216869
97.9864049571406,87.8601915376257,102.944877682758,90.2769076528917,108.854824491846,115.6519115415,102.075430820688,105.166352754071,102.671701056876,87.1231686138064,101.327168609071,100.380093037067
98.712662060093,96.1024706216461,100.998916097371,104.10591496271,107.86427891257,106.547749056556,96.0671856369416,101.135391515541,99.8573032465251,95.3039787160362,104.277239529922,99.2479203736837
99.6279579822262,106.328249870091,104.523443058401,91.8471574853958,81.6329482002844,86.6083841091678,116.306532128872,105.685070502304,91.760968234207,113.681801304401,78.8473547618808,101.106758253814
99.4460981668938,112.87843101672,99.5211955442917,128.729043817881,101.539231165078,86.2777972233249,89.738529011772,96.2105565716062,91.0806177572032,114.650294019125,102.93627128714,97.2498550476269
104.882007648793,117.001403687525,94.1797710500328,97.8676612439841,77.8286082052503,75.3899760876957,104.812387545536,92.0009422190964,100.66456361918,117.733477029351,93.1916566509812,101.447883448747
100.72455586428,88.1954351006759,97.7062585120711,84.5903285654471,108.264974872124,115.997685705159,98.3529905969576,99.2912320294377,110.628628324376,83.0068545664854,109.260248775552,101.334090298661
103.076682562895,94.1401207324921,94.1904227993107,83.597323175422,101.437438288511,107.928343162377,98.037029644978,94.7294960364837,112.979561036815,87.7994382242073,109.970686307955,101.94093001045
104.468740948345,105.930220876147,92.6075651291422,93.3369701378366,92.0982441475836,92.2829785912127,97.6914195471569,91.227394006737,108.546840013171,101.512779951983,106.061330875771,101.474999642438
103.203980562912,96.4577521758959,92.5685287062492,93.677963290015,106.291895287551,107.118274517535,90.7737713123689,91.7970451491036,112.910250774318,88.5370036090189,116.5414400081,100.92722815986
96.1733438243673,107.218472472806,105.325494581593,129.651935635615,106.201937423784,92.9792027958128,93.6357745517867,103.517174294413,85.3825910788715,112.460312934877,96.8934712655967,96.557428149944
98.2750750694708,100.461077248821,104.680594534383,97.8219754238213,94.3258358744023,96.9563446383622,108.556428504795,105.787810573904,93.4703323283956,105.33051458166,88.107481154185,100.063788047629
105.597600568638,107.784822637582,89.85826410206,96.5479820125835,93.659104048001,91.1744903393238,92.9053983975086,87.5260610146327,111.158492054091,101.114323438167,111.816772387996,101.318694542528
105.679112997493,107.075820917637,93.8041742783341,75.0659069366095,76.732434759906,86.1209014931603,112.062496004095,94.0776014216738,108.672748147942,105.779664869325,92.189062924142,103.682604434853
96.0928514874003,91.3612729532086,105.996783918594,102.788001817624,110.205218205696,111.660709886793,100.882845652183,107.589631434049,95.1605268742912,93.7779920731965,97.7716271452775,98.9135546919379
95.141198941315,95.9982622352582,111.111258290838,95.8861893703597,94.7622786439456,100.934376499668,116.055921879356,114.000470679076,86.705425395377,105.619156562792,77.8403239497736,99.7504267932148
104.098108234149,103.411381437846,93.736895321981,88.2156034120929,91.3775836096814,94.661454200765,100.886302769987,93.1765207774916,108.768005239193,99.6046975817351,103.50324734635,101.903401697781
101.75450721318,93.8733236979424,95.3578329722852,92.8899250332189,107.470996282987,109.864652281184,93.5385640412881,95.3992244438558,110.267395309169,87.7737930507308,112.815427211507,100.750259850126
92.6357757584219,98.7262245707334,115.526246686609,107.641456343975,95.709135724822,97.4434912239347,116.797720044283,118.180894196372,77.7251332560536,112.600041724998,71.7325578243915,98.2684091116614
100.911820313426,106.380815457604,101.882062669843,89.9308413940249,82.1726477271248,87.1671792932113,113.732622412717,102.65335442825,95.7047478087549,111.366867430634,83.4948518990403,101.466853092255
96.5342928443579,88.0396216450143,101.839942276191,112.969157687397,125.300568845246,120.659137105043,85.9058084402269,101.976991339632,101.241907913911,84.3752595253318,115.998820655328,97.7060981039273
95.3293629033758,103.166877045093,107.164380718869,124.20068995032,106.977446469981,97.3913786727411,97.0041398992616,106.452713179103,85.3501739679957,109.17617897484,94.2597743148702,96.9094289477344
102.81016295467,97.613445397467,96.9205121293769,78.6327651231118,90.8300885286941,100.375267944822,107.664594719932,98.1877944369197,108.171571282656,95.5891259540106,97.5529392365413,102.595631241552
100.202239258002,87.779463012232,101.243108420144,72.6335514659129,97.8809019792392,112.685227413595,110.9551577049,104.555189958565,107.36552998789,86.8682752189588,95.4371898909743,102.584636365991
104.581835970662,104.569616450699,92.8385709629312,88.775226274933,90.7328869081482,93.3349261776277,100.026413501769,91.9693603714182,109.430290849103,100.268669074764,104.519944206944,101.941012861792
94.1860162683085,96.8415521791429,111.29258898711,107.460718910236,101.493032737555,102.021906771327,109.42134768555,113.220484742885,84.5808884465985,105.960990636947,82.8903557284898,98.3912835094182
97.3111293813458,89.1287704769418,105.646319103127,86.8249861226665,102.5692302771,111.865736423834,109.136880771212,108.617109100972,98.7234190307385,91.7521743198718,92.1781328976856,100.735398747313
103.895309353836,115.795923166187,96.1322922813017,97.9220373110189,78.1909135984668,76.5021591528273,106.778731180456,94.432134679465,98.459654053929,117.970424204352,90.2656195436314,101.283332546762
105.535388803503,98.0200000605824,92.4560710415301,69.3945626736852,87.0742611964522,99.5436067827074,107.419120593689,93.5298332208182,115.459250845405,92.6186158323308,101.772379837653,103.944755109469
104.183518484142,111.250654071618,92.50292469655,105.405990487844,92.8052828757588,86.6197054215172,93.4583568268377,89.7578922063346,104.705058804556,107.638136112793,107.181292170143,100.310237045812
99.9279610704513,100.290694974015,102.810424009927,87.4495696786678,88.7000452185533,95.749342445822,112.422646312484,104.38851012841,97.5120102863411,104.173773032142,86.6725575653146,101.394772798943
95.3677488879469,87.5045054976521,107.353932223976,98.620838403038,111.950731496768,116.235367726198,102.854512902214,109.826804158266,95.5531786535946,90.1854516261306,96.6826933227313,99.1441861361843
106.673398264816,107.126510998727,88.6416214999791,88.9484242036346,90.2076479214253,91.0596336209206,95.5879987722577,86.7222490871966,114.148371023829,99.6880056577049,111.005664927008,102.257893791582
98.6430312827024,101.563685983954,100.040091794224,118.079409316002,110.33140991526,101.411664906693,89.4550926555481,98.4718008998262,96.9109140763531,100.635171074733,108.152409674317,97.9018678561147
100.390852857068,110.345249413559,98.0748259877672,120.896029762058,100.851000545881,89.1232283627886,90.9230302630137,95.2763673881,95.2855339603576,110.466992179167,104.518046003497,98.1275298180434
103.808610291904,98.5934561167079,91.1088822965069,97.0991336850175,106.630235534019,105.104397460425,87.9289730654142,89.6140682766886,113.548272126981,89.7484566149113,119.298896093524,100.699059780657
95.4478064188108,93.0447480285006,106.168883239585,112.080954549193,114.109961746118,110.956516227605,96.3002196233754,106.926886525368,92.955024601575,95.4495827676289,100.683868136214,97.8750896630534
106.975501765808,114.096436524168,88.8324975636538,95.2453642444454,84.228668911657,81.4779360246765,96.6772472018161,85.9661115815263,109.871080730724,108.836429199452,106.535443586089,101.863608894752
103.086165224353,100.384272094284,92.303456102777,102.426867849128,106.842277590482,102.979628732894,87.4782025791555,90.4989646612923,110.359971852567,92.8896893691943,117.690534791206,100.095667617033
105.375906917281,104.980687569589,94.0838817359294,73.9955072306421,78.8556144961173,89.0428100199319,111.694291715409,94.6443450902558,109.378141980101,103.285200393203,93.249698814482,103.685845710753
