"V1","V2","V3","V4","V5","V6","V7","V8","V9","V10","V11","V12","V13","V14","V15"
15,1,14,13,13,12,10,10,13,1,12,15,15,1,10
25,10,25,10,11,11,12,10,10,12,12,10,25,15,11
13,14,10,13,13,15,12,15,14,15,11,12,13,12,12
25,14,25,12,10,15,15,13,14,11,11,11,25,12,13
25,11,25,15,15,11,13,14,15,13,14,12,25,13,10
14,15,14,11,10,14,15,14,10,12,11,12,14,10,12
12,1,11,11,13,11,12,13,10,1,14,10,15,1,14
15,11,11,15,10,15,10,15,12,11,13,14,10,13,12
11,10,15,13,15,15,13,14,15,11,14,15,12,11,13
12,1,10,13,11,15,14,13,11,1,13,15,15,1,11
